,Entity,Code,Year,Electric cars sold,Continent,value,BEV,PHEV,EV,EV sales,EV sales share,EV stock,EV stock share,Electricity demand,Oil displacement Mbd,"Oil displacement, million lge"
0,Australia,AUS,2012,250,Oceania,3783.6601137339803,6900.890625,5787.21568627451,59.16521347975589,4796.71186440678,0.25862120834856545,8103.553571428572,0.030380000278631542,888.0,0.0010019999881478333,57.14999999602636
1,Australia,AUS,2013,290,Oceania,6993.772582445724,12269.95652173913,11315.8,76.89672294307846,8100.333333333333,0.526367781276349,15715.983606557376,0.05739850050443179,1170.0,0.00235116668227415,136.5166666507721
2,Australia,AUS,2014,1320,Oceania,11778.547077569088,21328.267605633802,17675.457627118645,120.04844215978595,12281.015151515152,0.9047138881804939,27290.8125,0.10762742831720966,1798.0,0.004375000032571983,256.3166666825612
3,Australia,AUS,2015,1760,Oceania,19951.3785361533,36240.291666666664,28597.779411764706,167.59196381017213,19879.11267605634,1.5306555578847312,45543.95652173913,0.1983088868453503,2486.0,0.00700983327806165,403.9000000158946
4,Australia,AUS,2016,1370,Oceania,29699.795840340754,54775.916666666664,41530.391304347824,241.46116043116612,25853.802816901407,1.798722225163753,71054.9,0.3146530603488726,3560.0,0.010294666660532366,602.3166666825613
5,Australia,AUS,2017,2300,Oceania,45372.5015486161,86895.27777777778,60175.50724637681,304.55456383935825,39650.971830985916,2.5936944427537836,108476.44285714286,0.4775305542991393,4320.0,0.015346999951968067,899.1166666348776
6,Australia,AUS,2018,3600,Oceania,73218.09164475088,147503.33333333334,89581.95652173914,435.5739134011235,66107.67605633802,3.7582499884689846,172967.85714285713,0.703649997814662,5960.0,0.024982167173826935,1467.550000031789
7,Australia,AUS,2019,9200,Oceania,95665.11435213653,205732.91666666666,104423.19444444444,604.4084266661167,71502.95833333333,4.886138881349729,238653.15277777778,0.9675777786307864,6966.66803333334,0.03606666673901291,2064.3000000317893
8,Australia,AUS,2020,6900,Oceania,145776.71489798985,303811.69444444444,169074.19444444444,710.7476236624689,116104.5,10.1522777767645,356781.3888888889,1.494222218170762,8016.675166666508,0.043521666035909796,2574.6166666348777
9,Australia,AUS,2021,20400,Oceania,253112.53871931435,536363.4722222222,284883.2083333333,1095.2562257728578,236622.375,15.841638885852364,584624.3055555555,2.3373055464795067,11400.019999999553,0.08305333265646668,4919.666666666667
10,Australia,AUS,2022,38900,Oceania,387805.5281752093,850701.1111111111,407161.7083333333,2004.1176999887853,345308.09722222225,18.99249996451868,912554.7222222222,3.305805562581453,21518.333333333332,0.1423333358446446,8409.5
11,Austria,AUT,2015,2800,Europe,19951.3785361533,36240.291666666664,28597.779411764706,167.59196381017213,19879.11267605634,1.5306555578847312,45543.95652173913,0.1983088868453503,2486.0,0.00700983327806165,403.9000000158946
12,Austria,AUT,2016,5000,Europe,29699.795840340754,54775.916666666664,41530.391304347824,241.46116043116612,25853.802816901407,1.798722225163753,71054.9,0.3146530603488726,3560.0,0.010294666660532366,602.3166666825613
13,Austria,AUT,2017,7100,Europe,45372.5015486161,86895.27777777778,60175.50724637681,304.55456383935825,39650.971830985916,2.5936944427537836,108476.44285714286,0.4775305542991393,4320.0,0.015346999951968067,899.1166666348776
14,Austria,AUT,2018,9100,Europe,73218.09164475088,147503.33333333334,89581.95652173914,435.5739134011235,66107.67605633802,3.7582499884689846,172967.85714285713,0.703649997814662,5960.0,0.024982167173826935,1467.550000031789
15,Austria,AUT,2019,11500,Europe,95665.11435213653,205732.91666666666,104423.19444444444,604.4084266661167,71502.95833333333,4.886138881349729,238653.15277777778,0.9675777786307864,6966.66803333334,0.03606666673901291,2064.3000000317893
16,Austria,AUT,2020,23600,Europe,145776.71489798985,303811.69444444444,169074.19444444444,710.7476236624689,116104.5,10.1522777767645,356781.3888888889,1.494222218170762,8016.675166666508,0.043521666035909796,2574.6166666348777
17,Austria,AUT,2021,48000,Europe,253112.53871931435,536363.4722222222,284883.2083333333,1095.2562257728578,236622.375,15.841638885852364,584624.3055555555,2.3373055464795067,11400.019999999553,0.08305333265646668,4919.666666666667
18,Austria,AUT,2022,47000,Europe,387805.5281752093,850701.1111111111,407161.7083333333,2004.1176999887853,345308.09722222225,18.99249996451868,912554.7222222222,3.305805562581453,21518.333333333332,0.1423333358446446,8409.5
19,Belgium,BEL,2010,56,Europe,523.6734104306502,1369.3333333333333,105.3125,17.852088434999455,663.3571428571429,0.03940952349165893,1355.4848484848485,0.007966749858799888,213.22000000029803,0.00011349999961866667,6.618333329757054
20,Belgium,BEL,2011,296,Europe,1597.7015928446092,3820.1803278688526,1141.0588235294117,58.658661052787,2488.3260869565215,0.11310633261261195,3211.5102040816328,0.012250128901512372,884.0,0.0004363333349222333,25.266666690508526
21,Belgium,BEL,2012,910,Europe,3783.6601137339803,6900.890625,5787.21568627451,59.16521347975589,4796.71186440678,0.25862120834856545,8103.553571428572,0.030380000278631542,888.0,0.0010019999881478333,57.14999999602636
22,Belgium,BEL,2013,560,Europe,6993.772582445724,12269.95652173913,11315.8,76.89672294307846,8100.333333333333,0.526367781276349,15715.983606557376,0.05739850050443179,1170.0,0.00235116668227415,136.5166666507721
23,Belgium,BEL,2014,1950,Europe,11778.547077569088,21328.267605633802,17675.457627118645,120.04844215978595,12281.015151515152,0.9047138881804939,27290.8125,0.10762742831720966,1798.0,0.004375000032571983,256.3166666825612
24,Belgium,BEL,2015,3900,Europe,19951.3785361533,36240.291666666664,28597.779411764706,167.59196381017213,19879.11267605634,1.5306555578847312,45543.95652173913,0.1983088868453503,2486.0,0.00700983327806165,403.9000000158946
25,Belgium,BEL,2016,9200,Europe,29699.795840340754,54775.916666666664,41530.391304347824,241.46116043116612,25853.802816901407,1.798722225163753,71054.9,0.3146530603488726,3560.0,0.010294666660532366,602.3166666825613
26,Belgium,BEL,2017,14700,Europe,45372.5015486161,86895.27777777778,60175.50724637681,304.55456383935825,39650.971830985916,2.5936944427537836,108476.44285714286,0.4775305542991393,4320.0,0.015346999951968067,899.1166666348776
27,Belgium,BEL,2018,13200,Europe,73218.09164475088,147503.33333333334,89581.95652173914,435.5739134011235,66107.67605633802,3.7582499884689846,172967.85714285713,0.703649997814662,5960.0,0.024982167173826935,1467.550000031789
28,Belgium,BEL,2019,17700,Europe,95665.11435213653,205732.91666666666,104423.19444444444,604.4084266661167,71502.95833333333,4.886138881349729,238653.15277777778,0.9675777786307864,6966.66803333334,0.03606666673901291,2064.3000000317893
29,Belgium,BEL,2020,47000,Europe,145776.71489798985,303811.69444444444,169074.19444444444,710.7476236624689,116104.5,10.1522777767645,356781.3888888889,1.494222218170762,8016.675166666508,0.043521666035909796,2574.6166666348777
30,Belgium,BEL,2021,71000,Europe,253112.53871931435,536363.4722222222,284883.2083333333,1095.2562257728578,236622.375,15.841638885852364,584624.3055555555,2.3373055464795067,11400.019999999553,0.08305333265646668,4919.666666666667
31,Belgium,BEL,2022,97000,Europe,387805.5281752093,850701.1111111111,407161.7083333333,2004.1176999887853,345308.09722222225,18.99249996451868,912554.7222222222,3.305805562581453,21518.333333333332,0.1423333358446446,8409.5
32,Brazil,BRA,2012,92,South America,3783.6601137339803,6900.890625,5787.21568627451,59.16521347975589,4796.71186440678,0.25862120834856545,8103.553571428572,0.030380000278631542,888.0,0.0010019999881478333,57.14999999602636
33,Brazil,BRA,2013,163,South America,6993.772582445724,12269.95652173913,11315.8,76.89672294307846,8100.333333333333,0.526367781276349,15715.983606557376,0.05739850050443179,1170.0,0.00235116668227415,136.5166666507721
34,Brazil,BRA,2015,87,South America,19951.3785361533,36240.291666666664,28597.779411764706,167.59196381017213,19879.11267605634,1.5306555578847312,45543.95652173913,0.1983088868453503,2486.0,0.00700983327806165,403.9000000158946
35,Brazil,BRA,2016,177,South America,29699.795840340754,54775.916666666664,41530.391304347824,241.46116043116612,25853.802816901407,1.798722225163753,71054.9,0.3146530603488726,3560.0,0.010294666660532366,602.3166666825613
36,Brazil,BRA,2017,315,South America,45372.5015486161,86895.27777777778,60175.50724637681,304.55456383935825,39650.971830985916,2.5936944427537836,108476.44285714286,0.4775305542991393,4320.0,0.015346999951968067,899.1166666348776
37,Brazil,BRA,2018,296,South America,73218.09164475088,147503.33333333334,89581.95652173914,435.5739134011235,66107.67605633802,3.7582499884689846,172967.85714285713,0.703649997814662,5960.0,0.024982167173826935,1467.550000031789
38,Brazil,BRA,2019,1940,South America,95665.11435213653,205732.91666666666,104423.19444444444,604.4084266661167,71502.95833333333,4.886138881349729,238653.15277777778,0.9675777786307864,6966.66803333334,0.03606666673901291,2064.3000000317893
39,Brazil,BRA,2020,2480,South America,145776.71489798985,303811.69444444444,169074.19444444444,710.7476236624689,116104.5,10.1522777767645,356781.3888888889,1.494222218170762,8016.675166666508,0.043521666035909796,2574.6166666348777
40,Brazil,BRA,2021,13900,South America,253112.53871931435,536363.4722222222,284883.2083333333,1095.2562257728578,236622.375,15.841638885852364,584624.3055555555,2.3373055464795067,11400.019999999553,0.08305333265646668,4919.666666666667
41,Brazil,BRA,2022,18500,South America,387805.5281752093,850701.1111111111,407161.7083333333,2004.1176999887853,345308.09722222225,18.99249996451868,912554.7222222222,3.305805562581453,21518.333333333332,0.1423333358446446,8409.5
42,Canada,CAN,2011,520,North America,1597.7015928446092,3820.1803278688526,1141.0588235294117,58.658661052787,2488.3260869565215,0.11310633261261195,3211.5102040816328,0.012250128901512372,884.0,0.0004363333349222333,25.266666690508526
43,Canada,CAN,2012,1920,North America,3783.6601137339803,6900.890625,5787.21568627451,59.16521347975589,4796.71186440678,0.25862120834856545,8103.553571428572,0.030380000278631542,888.0,0.0010019999881478333,57.14999999602636
44,Canada,CAN,2013,3100,North America,6993.772582445724,12269.95652173913,11315.8,76.89672294307846,8100.333333333333,0.526367781276349,15715.983606557376,0.05739850050443179,1170.0,0.00235116668227415,136.5166666507721
45,Canada,CAN,2014,5100,North America,11778.547077569088,21328.267605633802,17675.457627118645,120.04844215978595,12281.015151515152,0.9047138881804939,27290.8125,0.10762742831720966,1798.0,0.004375000032571983,256.3166666825612
46,Canada,CAN,2015,6800,North America,19951.3785361533,36240.291666666664,28597.779411764706,167.59196381017213,19879.11267605634,1.5306555578847312,45543.95652173913,0.1983088868453503,2486.0,0.00700983327806165,403.9000000158946
47,Canada,CAN,2016,11600,North America,29699.795840340754,54775.916666666664,41530.391304347824,241.46116043116612,25853.802816901407,1.798722225163753,71054.9,0.3146530603488726,3560.0,0.010294666660532366,602.3166666825613
48,Canada,CAN,2017,16700,North America,45372.5015486161,86895.27777777778,60175.50724637681,304.55456383935825,39650.971830985916,2.5936944427537836,108476.44285714286,0.4775305542991393,4320.0,0.015346999951968067,899.1166666348776
49,Canada,CAN,2018,44000,North America,73218.09164475088,147503.33333333334,89581.95652173914,435.5739134011235,66107.67605633802,3.7582499884689846,172967.85714285713,0.703649997814662,5960.0,0.024982167173826935,1467.550000031789
50,Canada,CAN,2019,51000,North America,95665.11435213653,205732.91666666666,104423.19444444444,604.4084266661167,71502.95833333333,4.886138881349729,238653.15277777778,0.9675777786307864,6966.66803333334,0.03606666673901291,2064.3000000317893
51,Canada,CAN,2020,51000,North America,145776.71489798985,303811.69444444444,169074.19444444444,710.7476236624689,116104.5,10.1522777767645,356781.3888888889,1.494222218170762,8016.675166666508,0.043521666035909796,2574.6166666348777
52,Canada,CAN,2021,87000,North America,253112.53871931435,536363.4722222222,284883.2083333333,1095.2562257728578,236622.375,15.841638885852364,584624.3055555555,2.3373055464795067,11400.019999999553,0.08305333265646668,4919.666666666667
53,Canada,CAN,2022,114000,North America,387805.5281752093,850701.1111111111,407161.7083333333,2004.1176999887853,345308.09722222225,18.99249996451868,912554.7222222222,3.305805562581453,21518.333333333332,0.1423333358446446,8409.5
54,Chile,CHL,2014,17,South America,11778.547077569088,21328.267605633802,17675.457627118645,120.04844215978595,12281.015151515152,0.9047138881804939,27290.8125,0.10762742831720966,1798.0,0.004375000032571983,256.3166666825612
55,Chile,CHL,2015,36,South America,19951.3785361533,36240.291666666664,28597.779411764706,167.59196381017213,19879.11267605634,1.5306555578847312,45543.95652173913,0.1983088868453503,2486.0,0.00700983327806165,403.9000000158946
56,Chile,CHL,2016,31,South America,29699.795840340754,54775.916666666664,41530.391304347824,241.46116043116612,25853.802816901407,1.798722225163753,71054.9,0.3146530603488726,3560.0,0.010294666660532366,602.3166666825613
57,Chile,CHL,2017,135,South America,45372.5015486161,86895.27777777778,60175.50724637681,304.55456383935825,39650.971830985916,2.5936944427537836,108476.44285714286,0.4775305542991393,4320.0,0.015346999951968067,899.1166666348776
58,Chile,CHL,2018,178,South America,73218.09164475088,147503.33333333334,89581.95652173914,435.5739134011235,66107.67605633802,3.7582499884689846,172967.85714285713,0.703649997814662,5960.0,0.024982167173826935,1467.550000031789
59,Chile,CHL,2019,300,South America,95665.11435213653,205732.91666666666,104423.19444444444,604.4084266661167,71502.95833333333,4.886138881349729,238653.15277777778,0.9675777786307864,6966.66803333334,0.03606666673901291,2064.3000000317893
60,Chile,CHL,2020,189,South America,145776.71489798985,303811.69444444444,169074.19444444444,710.7476236624689,116104.5,10.1522777767645,356781.3888888889,1.494222218170762,8016.675166666508,0.043521666035909796,2574.6166666348777
61,Chile,CHL,2021,570,South America,253112.53871931435,536363.4722222222,284883.2083333333,1095.2562257728578,236622.375,15.841638885852364,584624.3055555555,2.3373055464795067,11400.019999999553,0.08305333265646668,4919.666666666667
62,Chile,CHL,2022,1500,South America,387805.5281752093,850701.1111111111,407161.7083333333,2004.1176999887853,345308.09722222225,18.99249996451868,912554.7222222222,3.305805562581453,21518.333333333332,0.1423333358446446,8409.5
63,China,CHN,2010,1440,Asia,523.6734104306502,1369.3333333333333,105.3125,17.852088434999455,663.3571428571429,0.03940952349165893,1355.4848484848485,0.007966749858799888,213.22000000029803,0.00011349999961866667,6.618333329757054
64,China,CHN,2011,5120,Asia,1597.7015928446092,3820.1803278688526,1141.0588235294117,58.658661052787,2488.3260869565215,0.11310633261261195,3211.5102040816328,0.012250128901512372,884.0,0.0004363333349222333,25.266666690508526
65,China,CHN,2012,9860,Asia,3783.6601137339803,6900.890625,5787.21568627451,59.16521347975589,4796.71186440678,0.25862120834856545,8103.553571428572,0.030380000278631542,888.0,0.0010019999881478333,57.14999999602636
66,China,CHN,2013,15730,Asia,6993.772582445724,12269.95652173913,11315.8,76.89672294307846,8100.333333333333,0.526367781276349,15715.983606557376,0.05739850050443179,1170.0,0.00235116668227415,136.5166666507721
67,China,CHN,2014,73000,Asia,11778.547077569088,21328.267605633802,17675.457627118645,120.04844215978595,12281.015151515152,0.9047138881804939,27290.8125,0.10762742831720966,1798.0,0.004375000032571983,256.3166666825612
68,China,CHN,2015,211000,Asia,19951.3785361533,36240.291666666664,28597.779411764706,167.59196381017213,19879.11267605634,1.5306555578847312,45543.95652173913,0.1983088868453503,2486.0,0.00700983327806165,403.9000000158946
69,China,CHN,2016,339000,Asia,29699.795840340754,54775.916666666664,41530.391304347824,241.46116043116612,25853.802816901407,1.798722225163753,71054.9,0.3146530603488726,3560.0,0.010294666660532366,602.3166666825613
70,China,CHN,2017,580000,Asia,45372.5015486161,86895.27777777778,60175.50724637681,304.55456383935825,39650.971830985916,2.5936944427537836,108476.44285714286,0.4775305542991393,4320.0,0.015346999951968067,899.1166666348776
71,China,CHN,2018,1090000,Asia,73218.09164475088,147503.33333333334,89581.95652173914,435.5739134011235,66107.67605633802,3.7582499884689846,172967.85714285713,0.703649997814662,5960.0,0.024982167173826935,1467.550000031789
72,China,CHN,2019,1060000,Asia,95665.11435213653,205732.91666666666,104423.19444444444,604.4084266661167,71502.95833333333,4.886138881349729,238653.15277777778,0.9675777786307864,6966.66803333334,0.03606666673901291,2064.3000000317893
73,China,CHN,2020,1140000,Asia,145776.71489798985,303811.69444444444,169074.19444444444,710.7476236624689,116104.5,10.1522777767645,356781.3888888889,1.494222218170762,8016.675166666508,0.043521666035909796,2574.6166666348777
74,China,CHN,2021,3250000,Asia,253112.53871931435,536363.4722222222,284883.2083333333,1095.2562257728578,236622.375,15.841638885852364,584624.3055555555,2.3373055464795067,11400.019999999553,0.08305333265646668,4919.666666666667
75,China,CHN,2022,5900000,Asia,387805.5281752093,850701.1111111111,407161.7083333333,2004.1176999887853,345308.09722222225,18.99249996451868,912554.7222222222,3.305805562581453,21518.333333333332,0.1423333358446446,8409.5
76,Denmark,DNK,2011,422,Europe,1597.7015928446092,3820.1803278688526,1141.0588235294117,58.658661052787,2488.3260869565215,0.11310633261261195,3211.5102040816328,0.012250128901512372,884.0,0.0004363333349222333,25.266666690508526
77,Denmark,DNK,2012,502,Europe,3783.6601137339803,6900.890625,5787.21568627451,59.16521347975589,4796.71186440678,0.25862120834856545,8103.553571428572,0.030380000278631542,888.0,0.0010019999881478333,57.14999999602636
78,Denmark,DNK,2013,510,Europe,6993.772582445724,12269.95652173913,11315.8,76.89672294307846,8100.333333333333,0.526367781276349,15715.983606557376,0.05739850050443179,1170.0,0.00235116668227415,136.5166666507721
79,Denmark,DNK,2014,1690,Europe,11778.547077569088,21328.267605633802,17675.457627118645,120.04844215978595,12281.015151515152,0.9047138881804939,27290.8125,0.10762742831720966,1798.0,0.004375000032571983,256.3166666825612
80,Denmark,DNK,2015,4720,Europe,19951.3785361533,36240.291666666664,28597.779411764706,167.59196381017213,19879.11267605634,1.5306555578847312,45543.95652173913,0.1983088868453503,2486.0,0.00700983327806165,403.9000000158946
81,Denmark,DNK,2016,1870,Europe,29699.795840340754,54775.916666666664,41530.391304347824,241.46116043116612,25853.802816901407,1.798722225163753,71054.9,0.3146530603488726,3560.0,0.010294666660532366,602.3166666825613
82,Denmark,DNK,2017,1330,Europe,45372.5015486161,86895.27777777778,60175.50724637681,304.55456383935825,39650.971830985916,2.5936944427537836,108476.44285714286,0.4775305542991393,4320.0,0.015346999951968067,899.1166666348776
83,Denmark,DNK,2018,4600,Europe,73218.09164475088,147503.33333333334,89581.95652173914,435.5739134011235,66107.67605633802,3.7582499884689846,172967.85714285713,0.703649997814662,5960.0,0.024982167173826935,1467.550000031789
84,Denmark,DNK,2019,9400,Europe,95665.11435213653,205732.91666666666,104423.19444444444,604.4084266661167,71502.95833333333,4.886138881349729,238653.15277777778,0.9675777786307864,6966.66803333334,0.03606666673901291,2064.3000000317893
85,Denmark,DNK,2020,32000,Europe,145776.71489798985,303811.69444444444,169074.19444444444,710.7476236624689,116104.5,10.1522777767645,356781.3888888889,1.494222218170762,8016.675166666508,0.043521666035909796,2574.6166666348777
86,Denmark,DNK,2021,65000,Europe,253112.53871931435,536363.4722222222,284883.2083333333,1095.2562257728578,236622.375,15.841638885852364,584624.3055555555,2.3373055464795067,11400.019999999553,0.08305333265646668,4919.666666666667
87,Denmark,DNK,2022,57000,Europe,387805.5281752093,850701.1111111111,407161.7083333333,2004.1176999887853,345308.09722222225,18.99249996451868,912554.7222222222,3.305805562581453,21518.333333333332,0.1423333358446446,8409.5
88,Finland,FIN,2012,181,Europe,3783.6601137339803,6900.890625,5787.21568627451,59.16521347975589,4796.71186440678,0.25862120834856545,8103.553571428572,0.030380000278631542,888.0,0.0010019999881478333,57.14999999602636
89,Finland,FIN,2013,220,Europe,6993.772582445724,12269.95652173913,11315.8,76.89672294307846,8100.333333333333,0.526367781276349,15715.983606557376,0.05739850050443179,1170.0,0.00235116668227415,136.5166666507721
90,Finland,FIN,2014,440,Europe,11778.547077569088,21328.267605633802,17675.457627118645,120.04844215978595,12281.015151515152,0.9047138881804939,27290.8125,0.10762742831720966,1798.0,0.004375000032571983,256.3166666825612
91,Finland,FIN,2015,660,Europe,19951.3785361533,36240.291666666664,28597.779411764706,167.59196381017213,19879.11267605634,1.5306555578847312,45543.95652173913,0.1983088868453503,2486.0,0.00700983327806165,403.9000000158946
92,Finland,FIN,2016,1420,Europe,29699.795840340754,54775.916666666664,41530.391304347824,241.46116043116612,25853.802816901407,1.798722225163753,71054.9,0.3146530603488726,3560.0,0.010294666660532366,602.3166666825613
93,Finland,FIN,2017,3100,Europe,45372.5015486161,86895.27777777778,60175.50724637681,304.55456383935825,39650.971830985916,2.5936944427537836,108476.44285714286,0.4775305542991393,4320.0,0.015346999951968067,899.1166666348776
94,Finland,FIN,2018,5680,Europe,73218.09164475088,147503.33333333334,89581.95652173914,435.5739134011235,66107.67605633802,3.7582499884689846,172967.85714285713,0.703649997814662,5960.0,0.024982167173826935,1467.550000031789
95,Finland,FIN,2019,7900,Europe,95665.11435213653,205732.91666666666,104423.19444444444,604.4084266661167,71502.95833333333,4.886138881349729,238653.15277777778,0.9675777786307864,6966.66803333334,0.03606666673901291,2064.3000000317893
96,Finland,FIN,2020,17200,Europe,145776.71489798985,303811.69444444444,169074.19444444444,710.7476236624689,116104.5,10.1522777767645,356781.3888888889,1.494222218170762,8016.675166666508,0.043521666035909796,2574.6166666348777
97,Finland,FIN,2021,30000,Europe,253112.53871931435,536363.4722222222,284883.2083333333,1095.2562257728578,236622.375,15.841638885852364,584624.3055555555,2.3373055464795067,11400.019999999553,0.08305333265646668,4919.666666666667
98,Finland,FIN,2022,31000,Europe,387805.5281752093,850701.1111111111,407161.7083333333,2004.1176999887853,345308.09722222225,18.99249996451868,912554.7222222222,3.305805562581453,21518.333333333332,0.1423333358446446,8409.5
99,France,FRA,2011,2696,Europe,1597.7015928446092,3820.1803278688526,1141.0588235294117,58.658661052787,2488.3260869565215,0.11310633261261195,3211.5102040816328,0.012250128901512372,884.0,0.0004363333349222333,25.266666690508526
100,France,FRA,2012,6300,Europe,3783.6601137339803,6900.890625,5787.21568627451,59.16521347975589,4796.71186440678,0.25862120834856545,8103.553571428572,0.030380000278631542,888.0,0.0010019999881478333,57.14999999602636
101,France,FRA,2013,9630,Europe,6993.772582445724,12269.95652173913,11315.8,76.89672294307846,8100.333333333333,0.526367781276349,15715.983606557376,0.05739850050443179,1170.0,0.00235116668227415,136.5166666507721
102,France,FRA,2014,13100,Europe,11778.547077569088,21328.267605633802,17675.457627118645,120.04844215978595,12281.015151515152,0.9047138881804939,27290.8125,0.10762742831720966,1798.0,0.004375000032571983,256.3166666825612
103,France,FRA,2015,22700,Europe,19951.3785361533,36240.291666666664,28597.779411764706,167.59196381017213,19879.11267605634,1.5306555578847312,45543.95652173913,0.1983088868453503,2486.0,0.00700983327806165,403.9000000158946
104,France,FRA,2016,29400,Europe,29699.795840340754,54775.916666666664,41530.391304347824,241.46116043116612,25853.802816901407,1.798722225163753,71054.9,0.3146530603488726,3560.0,0.010294666660532366,602.3166666825613
105,France,FRA,2017,37000,Europe,45372.5015486161,86895.27777777778,60175.50724637681,304.55456383935825,39650.971830985916,2.5936944427537836,108476.44285714286,0.4775305542991393,4320.0,0.015346999951968067,899.1166666348776
106,France,FRA,2018,46000,Europe,73218.09164475088,147503.33333333334,89581.95652173914,435.5739134011235,66107.67605633802,3.7582499884689846,172967.85714285713,0.703649997814662,5960.0,0.024982167173826935,1467.550000031789
107,France,FRA,2019,62000,Europe,95665.11435213653,205732.91666666666,104423.19444444444,604.4084266661167,71502.95833333333,4.886138881349729,238653.15277777778,0.9675777786307864,6966.66803333334,0.03606666673901291,2064.3000000317893
108,France,FRA,2020,185000,Europe,145776.71489798985,303811.69444444444,169074.19444444444,710.7476236624689,116104.5,10.1522777767645,356781.3888888889,1.494222218170762,8016.675166666508,0.043521666035909796,2574.6166666348777
109,France,FRA,2021,300000,Europe,253112.53871931435,536363.4722222222,284883.2083333333,1095.2562257728578,236622.375,15.841638885852364,584624.3055555555,2.3373055464795067,11400.019999999553,0.08305333265646668,4919.666666666667
110,France,FRA,2022,340000,Europe,387805.5281752093,850701.1111111111,407161.7083333333,2004.1176999887853,345308.09722222225,18.99249996451868,912554.7222222222,3.305805562581453,21518.333333333332,0.1423333358446446,8409.5
111,Germany,DEU,2011,1640,Europe,1597.7015928446092,3820.1803278688526,1141.0588235294117,58.658661052787,2488.3260869565215,0.11310633261261195,3211.5102040816328,0.012250128901512372,884.0,0.0004363333349222333,25.266666690508526
112,Germany,DEU,2012,3400,Europe,3783.6601137339803,6900.890625,5787.21568627451,59.16521347975589,4796.71186440678,0.25862120834856545,8103.553571428572,0.030380000278631542,888.0,0.0010019999881478333,57.14999999602636
113,Germany,DEU,2013,6800,Europe,6993.772582445724,12269.95652173913,11315.8,76.89672294307846,8100.333333333333,0.526367781276349,15715.983606557376,0.05739850050443179,1170.0,0.00235116668227415,136.5166666507721
114,Germany,DEU,2014,13500,Europe,11778.547077569088,21328.267605633802,17675.457627118645,120.04844215978595,12281.015151515152,0.9047138881804939,27290.8125,0.10762742831720966,1798.0,0.004375000032571983,256.3166666825612
115,Germany,DEU,2015,23000,Europe,19951.3785361533,36240.291666666664,28597.779411764706,167.59196381017213,19879.11267605634,1.5306555578847312,45543.95652173913,0.1983088868453503,2486.0,0.00700983327806165,403.9000000158946
116,Germany,DEU,2016,24000,Europe,29699.795840340754,54775.916666666664,41530.391304347824,241.46116043116612,25853.802816901407,1.798722225163753,71054.9,0.3146530603488726,3560.0,0.010294666660532366,602.3166666825613
117,Germany,DEU,2017,54000,Europe,45372.5015486161,86895.27777777778,60175.50724637681,304.55456383935825,39650.971830985916,2.5936944427537836,108476.44285714286,0.4775305542991393,4320.0,0.015346999951968067,899.1166666348776
118,Germany,DEU,2018,67000,Europe,73218.09164475088,147503.33333333334,89581.95652173914,435.5739134011235,66107.67605633802,3.7582499884689846,172967.85714285713,0.703649997814662,5960.0,0.024982167173826935,1467.550000031789
119,Germany,DEU,2019,108000,Europe,95665.11435213653,205732.91666666666,104423.19444444444,604.4084266661167,71502.95833333333,4.886138881349729,238653.15277777778,0.9675777786307864,6966.66803333334,0.03606666673901291,2064.3000000317893
120,Germany,DEU,2020,390000,Europe,145776.71489798985,303811.69444444444,169074.19444444444,710.7476236624689,116104.5,10.1522777767645,356781.3888888889,1.494222218170762,8016.675166666508,0.043521666035909796,2574.6166666348777
121,Germany,DEU,2021,690000,Europe,253112.53871931435,536363.4722222222,284883.2083333333,1095.2562257728578,236622.375,15.841638885852364,584624.3055555555,2.3373055464795067,11400.019999999553,0.08305333265646668,4919.666666666667
122,Germany,DEU,2022,830000,Europe,387805.5281752093,850701.1111111111,407161.7083333333,2004.1176999887853,345308.09722222225,18.99249996451868,912554.7222222222,3.305805562581453,21518.333333333332,0.1423333358446446,8409.5
123,Greece,GRC,2015,57,Europe,19951.3785361533,36240.291666666664,28597.779411764706,167.59196381017213,19879.11267605634,1.5306555578847312,45543.95652173913,0.1983088868453503,2486.0,0.00700983327806165,403.9000000158946
124,Greece,GRC,2016,97,Europe,29699.795840340754,54775.916666666664,41530.391304347824,241.46116043116612,25853.802816901407,1.798722225163753,71054.9,0.3146530603488726,3560.0,0.010294666660532366,602.3166666825613
125,Greece,GRC,2017,190,Europe,45372.5015486161,86895.27777777778,60175.50724637681,304.55456383935825,39650.971830985916,2.5936944427537836,108476.44285714286,0.4775305542991393,4320.0,0.015346999951968067,899.1166666348776
126,Greece,GRC,2018,298,Europe,73218.09164475088,147503.33333333334,89581.95652173914,435.5739134011235,66107.67605633802,3.7582499884689846,172967.85714285713,0.703649997814662,5960.0,0.024982167173826935,1467.550000031789
127,Greece,GRC,2019,480,Europe,95665.11435213653,205732.91666666666,104423.19444444444,604.4084266661167,71502.95833333333,4.886138881349729,238653.15277777778,0.9675777786307864,6966.66803333334,0.03606666673901291,2064.3000000317893
128,Greece,GRC,2020,2180,Europe,145776.71489798985,303811.69444444444,169074.19444444444,710.7476236624689,116104.5,10.1522777767645,356781.3888888889,1.494222218170762,8016.675166666508,0.043521666035909796,2574.6166666348777
129,Greece,GRC,2021,7000,Europe,253112.53871931435,536363.4722222222,284883.2083333333,1095.2562257728578,236622.375,15.841638885852364,584624.3055555555,2.3373055464795067,11400.019999999553,0.08305333265646668,4919.666666666667
130,Greece,GRC,2022,8300,Europe,387805.5281752093,850701.1111111111,407161.7083333333,2004.1176999887853,345308.09722222225,18.99249996451868,912554.7222222222,3.305805562581453,21518.333333333332,0.1423333358446446,8409.5
131,Iceland,ISL,2012,26,Europe,3783.6601137339803,6900.890625,5787.21568627451,59.16521347975589,4796.71186440678,0.25862120834856545,8103.553571428572,0.030380000278631542,888.0,0.0010019999881478333,57.14999999602636
132,Iceland,ISL,2013,103,Europe,6993.772582445724,12269.95652173913,11315.8,76.89672294307846,8100.333333333333,0.526367781276349,15715.983606557376,0.05739850050443179,1170.0,0.00235116668227415,136.5166666507721
133,Iceland,ISL,2014,229,Europe,11778.547077569088,21328.267605633802,17675.457627118645,120.04844215978595,12281.015151515152,0.9047138881804939,27290.8125,0.10762742831720966,1798.0,0.004375000032571983,256.3166666825612
134,Iceland,ISL,2015,560,Europe,19951.3785361533,36240.291666666664,28597.779411764706,167.59196381017213,19879.11267605634,1.5306555578847312,45543.95652173913,0.1983088868453503,2486.0,0.00700983327806165,403.9000000158946
135,Iceland,ISL,2016,1160,Europe,29699.795840340754,54775.916666666664,41530.391304347824,241.46116043116612,25853.802816901407,1.798722225163753,71054.9,0.3146530603488726,3560.0,0.010294666660532366,602.3166666825613
136,Iceland,ISL,2017,3050,Europe,45372.5015486161,86895.27777777778,60175.50724637681,304.55456383935825,39650.971830985916,2.5936944427537836,108476.44285714286,0.4775305542991393,4320.0,0.015346999951968067,899.1166666348776
137,Iceland,ISL,2018,3680,Europe,73218.09164475088,147503.33333333334,89581.95652173914,435.5739134011235,66107.67605633802,3.7582499884689846,172967.85714285713,0.703649997814662,5960.0,0.024982167173826935,1467.550000031789
138,Iceland,ISL,2019,2610,Europe,95665.11435213653,205732.91666666666,104423.19444444444,604.4084266661167,71502.95833333333,4.886138881349729,238653.15277777778,0.9675777786307864,6966.66803333334,0.03606666673901291,2064.3000000317893
139,Iceland,ISL,2020,5000,Europe,145776.71489798985,303811.69444444444,169074.19444444444,710.7476236624689,116104.5,10.1522777767645,356781.3888888889,1.494222218170762,8016.675166666508,0.043521666035909796,2574.6166666348777
140,Iceland,ISL,2021,9200,Europe,253112.53871931435,536363.4722222222,284883.2083333333,1095.2562257728578,236622.375,15.841638885852364,584624.3055555555,2.3373055464795067,11400.019999999553,0.08305333265646668,4919.666666666667
141,Iceland,ISL,2022,11900,Europe,387805.5281752093,850701.1111111111,407161.7083333333,2004.1176999887853,345308.09722222225,18.99249996451868,912554.7222222222,3.305805562581453,21518.333333333332,0.1423333358446446,8409.5
142,India,IND,2019,687,Asia,95665.11435213653,205732.91666666666,104423.19444444444,604.4084266661167,71502.95833333333,4.886138881349729,238653.15277777778,0.9675777786307864,6966.66803333334,0.03606666673901291,2064.3000000317893
143,India,IND,2020,3143,Asia,145776.71489798985,303811.69444444444,169074.19444444444,710.7476236624689,116104.5,10.1522777767645,356781.3888888889,1.494222218170762,8016.675166666508,0.043521666035909796,2574.6166666348777
144,India,IND,2021,12050,Asia,253112.53871931435,536363.4722222222,284883.2083333333,1095.2562257728578,236622.375,15.841638885852364,584624.3055555555,2.3373055464795067,11400.019999999553,0.08305333265646668,4919.666666666667
145,India,IND,2022,48023,Asia,387805.5281752093,850701.1111111111,407161.7083333333,2004.1176999887853,345308.09722222225,18.99249996451868,912554.7222222222,3.305805562581453,21518.333333333332,0.1423333358446446,8409.5
146,Israel,ISR,2012,601,Asia,3783.6601137339803,6900.890625,5787.21568627451,59.16521347975589,4796.71186440678,0.25862120834856545,8103.553571428572,0.030380000278631542,888.0,0.0010019999881478333,57.14999999602636
147,Israel,ISR,2013,477,Asia,6993.772582445724,12269.95652173913,11315.8,76.89672294307846,8100.333333333333,0.526367781276349,15715.983606557376,0.05739850050443179,1170.0,0.00235116668227415,136.5166666507721
148,Israel,ISR,2014,58,Asia,11778.547077569088,21328.267605633802,17675.457627118645,120.04844215978595,12281.015151515152,0.9047138881804939,27290.8125,0.10762742831720966,1798.0,0.004375000032571983,256.3166666825612
149,Israel,ISR,2015,68,Asia,19951.3785361533,36240.291666666664,28597.779411764706,167.59196381017213,19879.11267605634,1.5306555578847312,45543.95652173913,0.1983088868453503,2486.0,0.00700983327806165,403.9000000158946
150,Israel,ISR,2016,68,Asia,29699.795840340754,54775.916666666664,41530.391304347824,241.46116043116612,25853.802816901407,1.798722225163753,71054.9,0.3146530603488726,3560.0,0.010294666660532366,602.3166666825613
151,Israel,ISR,2017,1630,Asia,45372.5015486161,86895.27777777778,60175.50724637681,304.55456383935825,39650.971830985916,2.5936944427537836,108476.44285714286,0.4775305542991393,4320.0,0.015346999951968067,899.1166666348776
152,Israel,ISR,2018,3730,Asia,73218.09164475088,147503.33333333334,89581.95652173914,435.5739134011235,66107.67605633802,3.7582499884689846,172967.85714285713,0.703649997814662,5960.0,0.024982167173826935,1467.550000031789
153,Israel,ISR,2019,4750,Asia,95665.11435213653,205732.91666666666,104423.19444444444,604.4084266661167,71502.95833333333,4.886138881349729,238653.15277777778,0.9675777786307864,6966.66803333334,0.03606666673901291,2064.3000000317893
154,Israel,ISR,2020,6900,Asia,145776.71489798985,303811.69444444444,169074.19444444444,710.7476236624689,116104.5,10.1522777767645,356781.3888888889,1.494222218170762,8016.675166666508,0.043521666035909796,2574.6166666348777
155,Israel,ISR,2021,24000,Asia,253112.53871931435,536363.4722222222,284883.2083333333,1095.2562257728578,236622.375,15.841638885852364,584624.3055555555,2.3373055464795067,11400.019999999553,0.08305333265646668,4919.666666666667
156,Israel,ISR,2022,43000,Asia,387805.5281752093,850701.1111111111,407161.7083333333,2004.1176999887853,345308.09722222225,18.99249996451868,912554.7222222222,3.305805562581453,21518.333333333332,0.1423333358446446,8409.5
157,Italy,ITA,2013,1040,Europe,6993.772582445724,12269.95652173913,11315.8,76.89672294307846,8100.333333333333,0.526367781276349,15715.983606557376,0.05739850050443179,1170.0,0.00235116668227415,136.5166666507721
158,Italy,ITA,2014,1340,Europe,11778.547077569088,21328.267605633802,17675.457627118645,120.04844215978595,12281.015151515152,0.9047138881804939,27290.8125,0.10762742831720966,1798.0,0.004375000032571983,256.3166666825612
159,Italy,ITA,2015,2240,Europe,19951.3785361533,36240.291666666664,28597.779411764706,167.59196381017213,19879.11267605634,1.5306555578847312,45543.95652173913,0.1983088868453503,2486.0,0.00700983327806165,403.9000000158946
160,Italy,ITA,2016,2700,Europe,29699.795840340754,54775.916666666664,41530.391304347824,241.46116043116612,25853.802816901407,1.798722225163753,71054.9,0.3146530603488726,3560.0,0.010294666660532366,602.3166666825613
161,Italy,ITA,2017,4900,Europe,45372.5015486161,86895.27777777778,60175.50724637681,304.55456383935825,39650.971830985916,2.5936944427537836,108476.44285714286,0.4775305542991393,4320.0,0.015346999951968067,899.1166666348776
162,Italy,ITA,2018,9700,Europe,73218.09164475088,147503.33333333334,89581.95652173914,435.5739134011235,66107.67605633802,3.7582499884689846,172967.85714285713,0.703649997814662,5960.0,0.024982167173826935,1467.550000031789
163,Italy,ITA,2019,17500,Europe,95665.11435213653,205732.91666666666,104423.19444444444,604.4084266661167,71502.95833333333,4.886138881349729,238653.15277777778,0.9675777786307864,6966.66803333334,0.03606666673901291,2064.3000000317893
164,Italy,ITA,2020,60000,Europe,145776.71489798985,303811.69444444444,169074.19444444444,710.7476236624689,116104.5,10.1522777767645,356781.3888888889,1.494222218170762,8016.675166666508,0.043521666035909796,2574.6166666348777
165,Italy,ITA,2021,138000,Europe,253112.53871931435,536363.4722222222,284883.2083333333,1095.2562257728578,236622.375,15.841638885852364,584624.3055555555,2.3373055464795067,11400.019999999553,0.08305333265646668,4919.666666666667
166,Italy,ITA,2022,114000,Europe,387805.5281752093,850701.1111111111,407161.7083333333,2004.1176999887853,345308.09722222225,18.99249996451868,912554.7222222222,3.305805562581453,21518.333333333332,0.1423333358446446,8409.5
167,Japan,JPN,2011,13015,Asia,1597.7015928446092,3820.1803278688526,1141.0588235294117,58.658661052787,2488.3260869565215,0.11310633261261195,3211.5102040816328,0.012250128901512372,884.0,0.0004363333349222333,25.266666690508526
168,Japan,JPN,2012,24000,Asia,3783.6601137339803,6900.890625,5787.21568627451,59.16521347975589,4796.71186440678,0.25862120834856545,8103.553571428572,0.030380000278631542,888.0,0.0010019999881478333,57.14999999602636
169,Japan,JPN,2013,29000,Asia,6993.772582445724,12269.95652173913,11315.8,76.89672294307846,8100.333333333333,0.526367781276349,15715.983606557376,0.05739850050443179,1170.0,0.00235116668227415,136.5166666507721
170,Japan,JPN,2014,32000,Asia,11778.547077569088,21328.267605633802,17675.457627118645,120.04844215978595,12281.015151515152,0.9047138881804939,27290.8125,0.10762742831720966,1798.0,0.004375000032571983,256.3166666825612
171,Japan,JPN,2015,24000,Asia,19951.3785361533,36240.291666666664,28597.779411764706,167.59196381017213,19879.11267605634,1.5306555578847312,45543.95652173913,0.1983088868453503,2486.0,0.00700983327806165,403.9000000158946
172,Japan,JPN,2016,24400,Asia,29699.795840340754,54775.916666666664,41530.391304347824,241.46116043116612,25853.802816901407,1.798722225163753,71054.9,0.3146530603488726,3560.0,0.010294666660532366,602.3166666825613
173,Japan,JPN,2017,54000,Asia,45372.5015486161,86895.27777777778,60175.50724637681,304.55456383935825,39650.971830985916,2.5936944427537836,108476.44285714286,0.4775305542991393,4320.0,0.015346999951968067,899.1166666348776
174,Japan,JPN,2018,50000,Asia,73218.09164475088,147503.33333333334,89581.95652173914,435.5739134011235,66107.67605633802,3.7582499884689846,172967.85714285713,0.703649997814662,5960.0,0.024982167173826935,1467.550000031789
175,Japan,JPN,2019,39000,Asia,95665.11435213653,205732.91666666666,104423.19444444444,604.4084266661167,71502.95833333333,4.886138881349729,238653.15277777778,0.9675777786307864,6966.66803333334,0.03606666673901291,2064.3000000317893
176,Japan,JPN,2020,30000,Asia,145776.71489798985,303811.69444444444,169074.19444444444,710.7476236624689,116104.5,10.1522777767645,356781.3888888889,1.494222218170762,8016.675166666508,0.043521666035909796,2574.6166666348777
177,Japan,JPN,2021,45000,Asia,253112.53871931435,536363.4722222222,284883.2083333333,1095.2562257728578,236622.375,15.841638885852364,584624.3055555555,2.3373055464795067,11400.019999999553,0.08305333265646668,4919.666666666667
178,Japan,JPN,2022,102000,Asia,387805.5281752093,850701.1111111111,407161.7083333333,2004.1176999887853,345308.09722222225,18.99249996451868,912554.7222222222,3.305805562581453,21518.333333333332,0.1423333358446446,8409.5
179,Mexico,MEX,2015,99,North America,19951.3785361533,36240.291666666664,28597.779411764706,167.59196381017213,19879.11267605634,1.5306555578847312,45543.95652173913,0.1983088868453503,2486.0,0.00700983327806165,403.9000000158946
180,Mexico,MEX,2016,770,North America,29699.795840340754,54775.916666666664,41530.391304347824,241.46116043116612,25853.802816901407,1.798722225163753,71054.9,0.3146530603488726,3560.0,0.010294666660532366,602.3166666825613
181,Mexico,MEX,2017,1200,North America,45372.5015486161,86895.27777777778,60175.50724637681,304.55456383935825,39650.971830985916,2.5936944427537836,108476.44285714286,0.4775305542991393,4320.0,0.015346999951968067,899.1166666348776
182,Mexico,MEX,2018,1800,North America,73218.09164475088,147503.33333333334,89581.95652173914,435.5739134011235,66107.67605633802,3.7582499884689846,172967.85714285713,0.703649997814662,5960.0,0.024982167173826935,1467.550000031789
183,Mexico,MEX,2019,1690,North America,95665.11435213653,205732.91666666666,104423.19444444444,604.4084266661167,71502.95833333333,4.886138881349729,238653.15277777778,0.9675777786307864,6966.66803333334,0.03606666673901291,2064.3000000317893
184,Mexico,MEX,2020,3800,North America,145776.71489798985,303811.69444444444,169074.19444444444,710.7476236624689,116104.5,10.1522777767645,356781.3888888889,1.494222218170762,8016.675166666508,0.043521666035909796,2574.6166666348777
185,Mexico,MEX,2021,6500,North America,253112.53871931435,536363.4722222222,284883.2083333333,1095.2562257728578,236622.375,15.841638885852364,584624.3055555555,2.3373055464795067,11400.019999999553,0.08305333265646668,4919.666666666667
186,Mexico,MEX,2022,8400,North America,387805.5281752093,850701.1111111111,407161.7083333333,2004.1176999887853,345308.09722222225,18.99249996451868,912554.7222222222,3.305805562581453,21518.333333333332,0.1423333358446446,8409.5
187,Netherlands,NLD,2011,877,Europe,1597.7015928446092,3820.1803278688526,1141.0588235294117,58.658661052787,2488.3260869565215,0.11310633261261195,3211.5102040816328,0.012250128901512372,884.0,0.0004363333349222333,25.266666690508526
188,Netherlands,NLD,2012,5090,Europe,3783.6601137339803,6900.890625,5787.21568627451,59.16521347975589,4796.71186440678,0.25862120834856545,8103.553571428572,0.030380000278631542,888.0,0.0010019999881478333,57.14999999602636
189,Netherlands,NLD,2013,22600,Europe,6993.772582445724,12269.95652173913,11315.8,76.89672294307846,8100.333333333333,0.526367781276349,15715.983606557376,0.05739850050443179,1170.0,0.00235116668227415,136.5166666507721
190,Netherlands,NLD,2014,14700,Europe,11778.547077569088,21328.267605633802,17675.457627118645,120.04844215978595,12281.015151515152,0.9047138881804939,27290.8125,0.10762742831720966,1798.0,0.004375000032571983,256.3166666825612
191,Netherlands,NLD,2015,44800,Europe,19951.3785361533,36240.291666666664,28597.779411764706,167.59196381017213,19879.11267605634,1.5306555578847312,45543.95652173913,0.1983088868453503,2486.0,0.00700983327806165,403.9000000158946
192,Netherlands,NLD,2016,23100,Europe,29699.795840340754,54775.916666666664,41530.391304347824,241.46116043116612,25853.802816901407,1.798722225163753,71054.9,0.3146530603488726,3560.0,0.010294666660532366,602.3166666825613
193,Netherlands,NLD,2017,10300,Europe,45372.5015486161,86895.27777777778,60175.50724637681,304.55456383935825,39650.971830985916,2.5936944427537836,108476.44285714286,0.4775305542991393,4320.0,0.015346999951968067,899.1166666348776
194,Netherlands,NLD,2018,27500,Europe,73218.09164475088,147503.33333333334,89581.95652173914,435.5739134011235,66107.67605633802,3.7582499884689846,172967.85714285713,0.703649997814662,5960.0,0.024982167173826935,1467.550000031789
195,Netherlands,NLD,2019,66900,Europe,95665.11435213653,205732.91666666666,104423.19444444444,604.4084266661167,71502.95833333333,4.886138881349729,238653.15277777778,0.9675777786307864,6966.66803333334,0.03606666673901291,2064.3000000317893
196,Netherlands,NLD,2020,88000,Europe,145776.71489798985,303811.69444444444,169074.19444444444,710.7476236624689,116104.5,10.1522777767645,356781.3888888889,1.494222218170762,8016.675166666508,0.043521666035909796,2574.6166666348777
197,Netherlands,NLD,2021,95000,Europe,253112.53871931435,536363.4722222222,284883.2083333333,1095.2562257728578,236622.375,15.841638885852364,584624.3055555555,2.3373055464795067,11400.019999999553,0.08305333265646668,4919.666666666667
198,Netherlands,NLD,2022,107000,Europe,387805.5281752093,850701.1111111111,407161.7083333333,2004.1176999887853,345308.09722222225,18.99249996451868,912554.7222222222,3.305805562581453,21518.333333333332,0.1423333358446446,8409.5
199,New Zealand,NZL,2011,15,Oceania,1597.7015928446092,3820.1803278688526,1141.0588235294117,58.658661052787,2488.3260869565215,0.11310633261261195,3211.5102040816328,0.012250128901512372,884.0,0.0004363333349222333,25.266666690508526
200,New Zealand,NZL,2012,27,Oceania,3783.6601137339803,6900.890625,5787.21568627451,59.16521347975589,4796.71186440678,0.25862120834856545,8103.553571428572,0.030380000278631542,888.0,0.0010019999881478333,57.14999999602636
201,New Zealand,NZL,2013,36,Oceania,6993.772582445724,12269.95652173913,11315.8,76.89672294307846,8100.333333333333,0.526367781276349,15715.983606557376,0.05739850050443179,1170.0,0.00235116668227415,136.5166666507721
202,New Zealand,NZL,2014,320,Oceania,11778.547077569088,21328.267605633802,17675.457627118645,120.04844215978595,12281.015151515152,0.9047138881804939,27290.8125,0.10762742831720966,1798.0,0.004375000032571983,256.3166666825612
203,New Zealand,NZL,2015,500,Oceania,19951.3785361533,36240.291666666664,28597.779411764706,167.59196381017213,19879.11267605634,1.5306555578847312,45543.95652173913,0.1983088868453503,2486.0,0.00700983327806165,403.9000000158946
204,New Zealand,NZL,2016,1540,Oceania,29699.795840340754,54775.916666666664,41530.391304347824,241.46116043116612,25853.802816901407,1.798722225163753,71054.9,0.3146530603488726,3560.0,0.010294666660532366,602.3166666825613
205,New Zealand,NZL,2017,3440,Oceania,45372.5015486161,86895.27777777778,60175.50724637681,304.55456383935825,39650.971830985916,2.5936944427537836,108476.44285714286,0.4775305542991393,4320.0,0.015346999951968067,899.1166666348776
206,New Zealand,NZL,2018,5600,Oceania,73218.09164475088,147503.33333333334,89581.95652173914,435.5739134011235,66107.67605633802,3.7582499884689846,172967.85714285713,0.703649997814662,5960.0,0.024982167173826935,1467.550000031789
207,New Zealand,NZL,2019,6900,Oceania,95665.11435213653,205732.91666666666,104423.19444444444,604.4084266661167,71502.95833333333,4.886138881349729,238653.15277777778,0.9675777786307864,6966.66803333334,0.03606666673901291,2064.3000000317893
208,New Zealand,NZL,2020,5400,Oceania,145776.71489798985,303811.69444444444,169074.19444444444,710.7476236624689,116104.5,10.1522777767645,356781.3888888889,1.494222218170762,8016.675166666508,0.043521666035909796,2574.6166666348777
209,New Zealand,NZL,2021,10300,Oceania,253112.53871931435,536363.4722222222,284883.2083333333,1095.2562257728578,236622.375,15.841638885852364,584624.3055555555,2.3373055464795067,11400.019999999553,0.08305333265646668,4919.666666666667
210,New Zealand,NZL,2022,28200,Oceania,387805.5281752093,850701.1111111111,407161.7083333333,2004.1176999887853,345308.09722222225,18.99249996451868,912554.7222222222,3.305805562581453,21518.333333333332,0.1423333358446446,8409.5
211,Norway,NOR,2012,4220,Europe,3783.6601137339803,6900.890625,5787.21568627451,59.16521347975589,4796.71186440678,0.25862120834856545,8103.553571428572,0.030380000278631542,888.0,0.0010019999881478333,57.14999999602636
212,Norway,NOR,2013,8240,Europe,6993.772582445724,12269.95652173913,11315.8,76.89672294307846,8100.333333333333,0.526367781276349,15715.983606557376,0.05739850050443179,1170.0,0.00235116668227415,136.5166666507721
213,Norway,NOR,2014,21700,Europe,11778.547077569088,21328.267605633802,17675.457627118645,120.04844215978595,12281.015151515152,0.9047138881804939,27290.8125,0.10762742831720966,1798.0,0.004375000032571983,256.3166666825612
214,Norway,NOR,2015,33900,Europe,19951.3785361533,36240.291666666664,28597.779411764706,167.59196381017213,19879.11267605634,1.5306555578847312,45543.95652173913,0.1983088868453503,2486.0,0.00700983327806165,403.9000000158946
215,Norway,NOR,2016,45000,Europe,29699.795840340754,54775.916666666664,41530.391304347824,241.46116043116612,25853.802816901407,1.798722225163753,71054.9,0.3146530603488726,3560.0,0.010294666660532366,602.3166666825613
216,Norway,NOR,2017,62000,Europe,45372.5015486161,86895.27777777778,60175.50724637681,304.55456383935825,39650.971830985916,2.5936944427537836,108476.44285714286,0.4775305542991393,4320.0,0.015346999951968067,899.1166666348776
217,Norway,NOR,2018,73000,Europe,73218.09164475088,147503.33333333334,89581.95652173914,435.5739134011235,66107.67605633802,3.7582499884689846,172967.85714285713,0.703649997814662,5960.0,0.024982167173826935,1467.550000031789
218,Norway,NOR,2019,79000,Europe,95665.11435213653,205732.91666666666,104423.19444444444,604.4084266661167,71502.95833333333,4.886138881349729,238653.15277777778,0.9675777786307864,6966.66803333334,0.03606666673901291,2064.3000000317893
219,Norway,NOR,2020,106000,Europe,145776.71489798985,303811.69444444444,169074.19444444444,710.7476236624689,116104.5,10.1522777767645,356781.3888888889,1.494222218170762,8016.675166666508,0.043521666035909796,2574.6166666348777
220,Norway,NOR,2021,148000,Europe,253112.53871931435,536363.4722222222,284883.2083333333,1095.2562257728578,236622.375,15.841638885852364,584624.3055555555,2.3373055464795067,11400.019999999553,0.08305333265646668,4919.666666666667
221,Norway,NOR,2022,166000,Europe,387805.5281752093,850701.1111111111,407161.7083333333,2004.1176999887853,345308.09722222225,18.99249996451868,912554.7222222222,3.305805562581453,21518.333333333332,0.1423333358446446,8409.5
222,Poland,POL,2010,16,Europe,523.6734104306502,1369.3333333333333,105.3125,17.852088434999455,663.3571428571429,0.03940952349165893,1355.4848484848485,0.007966749858799888,213.22000000029803,0.00011349999961866667,6.618333329757054
223,Poland,POL,2012,48,Europe,3783.6601137339803,6900.890625,5787.21568627451,59.16521347975589,4796.71186440678,0.25862120834856545,8103.553571428572,0.030380000278631542,888.0,0.0010019999881478333,57.14999999602636
224,Poland,POL,2013,37,Europe,6993.772582445724,12269.95652173913,11315.8,76.89672294307846,8100.333333333333,0.526367781276349,15715.983606557376,0.05739850050443179,1170.0,0.00235116668227415,136.5166666507721
225,Poland,POL,2014,201,Europe,11778.547077569088,21328.267605633802,17675.457627118645,120.04844215978595,12281.015151515152,0.9047138881804939,27290.8125,0.10762742831720966,1798.0,0.004375000032571983,256.3166666825612
226,Poland,POL,2015,220,Europe,19951.3785361533,36240.291666666664,28597.779411764706,167.59196381017213,19879.11267605634,1.5306555578847312,45543.95652173913,0.1983088868453503,2486.0,0.00700983327806165,403.9000000158946
227,Poland,POL,2016,510,Europe,29699.795840340754,54775.916666666664,41530.391304347824,241.46116043116612,25853.802816901407,1.798722225163753,71054.9,0.3146530603488726,3560.0,0.010294666660532366,602.3166666825613
228,Poland,POL,2017,1080,Europe,45372.5015486161,86895.27777777778,60175.50724637681,304.55456383935825,39650.971830985916,2.5936944427537836,108476.44285714286,0.4775305542991393,4320.0,0.015346999951968067,899.1166666348776
229,Poland,POL,2018,1380,Europe,73218.09164475088,147503.33333333334,89581.95652173914,435.5739134011235,66107.67605633802,3.7582499884689846,172967.85714285713,0.703649997814662,5960.0,0.024982167173826935,1467.550000031789
230,Poland,POL,2019,2700,Europe,95665.11435213653,205732.91666666666,104423.19444444444,604.4084266661167,71502.95833333333,4.886138881349729,238653.15277777778,0.9675777786307864,6966.66803333334,0.03606666673901291,2064.3000000317893
231,Poland,POL,2020,8200,Europe,145776.71489798985,303811.69444444444,169074.19444444444,710.7476236624689,116104.5,10.1522777767645,356781.3888888889,1.494222218170762,8016.675166666508,0.043521666035909796,2574.6166666348777
232,Poland,POL,2021,16300,Europe,253112.53871931435,536363.4722222222,284883.2083333333,1095.2562257728578,236622.375,15.841638885852364,584624.3055555555,2.3373055464795067,11400.019999999553,0.08305333265646668,4919.666666666667
233,Poland,POL,2022,25000,Europe,387805.5281752093,850701.1111111111,407161.7083333333,2004.1176999887853,345308.09722222225,18.99249996451868,912554.7222222222,3.305805562581453,21518.333333333332,0.1423333358446446,8409.5
234,Portugal,PRT,2013,207,Europe,6993.772582445724,12269.95652173913,11315.8,76.89672294307846,8100.333333333333,0.526367781276349,15715.983606557376,0.05739850050443179,1170.0,0.00235116668227415,136.5166666507721
235,Portugal,PRT,2014,199,Europe,11778.547077569088,21328.267605633802,17675.457627118645,120.04844215978595,12281.015151515152,0.9047138881804939,27290.8125,0.10762742831720966,1798.0,0.004375000032571983,256.3166666825612
236,Portugal,PRT,2015,1120,Europe,19951.3785361533,36240.291666666664,28597.779411764706,167.59196381017213,19879.11267605634,1.5306555578847312,45543.95652173913,0.1983088868453503,2486.0,0.00700983327806165,403.9000000158946
237,Portugal,PRT,2016,1810,Europe,29699.795840340754,54775.916666666664,41530.391304347824,241.46116043116612,25853.802816901407,1.798722225163753,71054.9,0.3146530603488726,3560.0,0.010294666660532366,602.3166666825613
238,Portugal,PRT,2017,4400,Europe,45372.5015486161,86895.27777777778,60175.50724637681,304.55456383935825,39650.971830985916,2.5936944427537836,108476.44285714286,0.4775305542991393,4320.0,0.015346999951968067,899.1166666348776
239,Portugal,PRT,2018,8000,Europe,73218.09164475088,147503.33333333334,89581.95652173914,435.5739134011235,66107.67605633802,3.7582499884689846,172967.85714285713,0.703649997814662,5960.0,0.024982167173826935,1467.550000031789
240,Portugal,PRT,2019,12700,Europe,95665.11435213653,205732.91666666666,104423.19444444444,604.4084266661167,71502.95833333333,4.886138881349729,238653.15277777778,0.9675777786307864,6966.66803333334,0.03606666673901291,2064.3000000317893
241,Portugal,PRT,2020,19800,Europe,145776.71489798985,303811.69444444444,169074.19444444444,710.7476236624689,116104.5,10.1522777767645,356781.3888888889,1.494222218170762,8016.675166666508,0.043521666035909796,2574.6166666348777
242,Portugal,PRT,2021,29000,Europe,253112.53871931435,536363.4722222222,284883.2083333333,1095.2562257728578,236622.375,15.841638885852364,584624.3055555555,2.3373055464795067,11400.019999999553,0.08305333265646668,4919.666666666667
243,Portugal,PRT,2022,34000,Europe,387805.5281752093,850701.1111111111,407161.7083333333,2004.1176999887853,345308.09722222225,18.99249996451868,912554.7222222222,3.305805562581453,21518.333333333332,0.1423333358446446,8409.5
244,South Africa,ZAF,2014,15,Africa,11778.547077569088,21328.267605633802,17675.457627118645,120.04844215978595,12281.015151515152,0.9047138881804939,27290.8125,0.10762742831720966,1798.0,0.004375000032571983,256.3166666825612
245,South Africa,ZAF,2015,240,Africa,19951.3785361533,36240.291666666664,28597.779411764706,167.59196381017213,19879.11267605634,1.5306555578847312,45543.95652173913,0.1983088868453503,2486.0,0.00700983327806165,403.9000000158946
246,South Africa,ZAF,2016,380,Africa,29699.795840340754,54775.916666666664,41530.391304347824,241.46116043116612,25853.802816901407,1.798722225163753,71054.9,0.3146530603488726,3560.0,0.010294666660532366,602.3166666825613
247,South Africa,ZAF,2017,198,Africa,45372.5015486161,86895.27777777778,60175.50724637681,304.55456383935825,39650.971830985916,2.5936944427537836,108476.44285714286,0.4775305542991393,4320.0,0.015346999951968067,899.1166666348776
248,South Africa,ZAF,2018,148,Africa,73218.09164475088,147503.33333333334,89581.95652173914,435.5739134011235,66107.67605633802,3.7582499884689846,172967.85714285713,0.703649997814662,5960.0,0.024982167173826935,1467.550000031789
249,South Africa,ZAF,2019,232,Africa,95665.11435213653,205732.91666666666,104423.19444444444,604.4084266661167,71502.95833333333,4.886138881349729,238653.15277777778,0.9675777786307864,6966.66803333334,0.03606666673901291,2064.3000000317893
250,South Africa,ZAF,2020,242,Africa,145776.71489798985,303811.69444444444,169074.19444444444,710.7476236624689,116104.5,10.1522777767645,356781.3888888889,1.494222218170762,8016.675166666508,0.043521666035909796,2574.6166666348777
251,South Africa,ZAF,2021,271,Africa,253112.53871931435,536363.4722222222,284883.2083333333,1095.2562257728578,236622.375,15.841638885852364,584624.3055555555,2.3373055464795067,11400.019999999553,0.08305333265646668,4919.666666666667
252,South Africa,ZAF,2022,620,Africa,387805.5281752093,850701.1111111111,407161.7083333333,2004.1176999887853,345308.09722222225,18.99249996451868,912554.7222222222,3.305805562581453,21518.333333333332,0.1423333358446446,8409.5
253,South Korea,KOR,2015,3350,Asia,19951.3785361533,36240.291666666664,28597.779411764706,167.59196381017213,19879.11267605634,1.5306555578847312,45543.95652173913,0.1983088868453503,2486.0,0.00700983327806165,403.9000000158946
254,South Korea,KOR,2016,5030,Asia,29699.795840340754,54775.916666666664,41530.391304347824,241.46116043116612,25853.802816901407,1.798722225163753,71054.9,0.3146530603488726,3560.0,0.010294666660532366,602.3166666825613
255,South Korea,KOR,2017,14670,Asia,45372.5015486161,86895.27777777778,60175.50724637681,304.55456383935825,39650.971830985916,2.5936944427537836,108476.44285714286,0.4775305542991393,4320.0,0.015346999951968067,899.1166666348776
256,South Korea,KOR,2018,59400,Asia,73218.09164475088,147503.33333333334,89581.95652173914,435.5739134011235,66107.67605633802,3.7582499884689846,172967.85714285713,0.703649997814662,5960.0,0.024982167173826935,1467.550000031789
257,South Korea,KOR,2019,35700,Asia,95665.11435213653,205732.91666666666,104423.19444444444,604.4084266661167,71502.95833333333,4.886138881349729,238653.15277777778,0.9675777786307864,6966.66803333334,0.03606666673901291,2064.3000000317893
258,South Korea,KOR,2020,39700,Asia,145776.71489798985,303811.69444444444,169074.19444444444,710.7476236624689,116104.5,10.1522777767645,356781.3888888889,1.494222218170762,8016.675166666508,0.043521666035909796,2574.6166666348777
259,South Korea,KOR,2021,91000,Asia,253112.53871931435,536363.4722222222,284883.2083333333,1095.2562257728578,236622.375,15.841638885852364,584624.3055555555,2.3373055464795067,11400.019999999553,0.08305333265646668,4919.666666666667
260,South Korea,KOR,2022,131000,Asia,387805.5281752093,850701.1111111111,407161.7083333333,2004.1176999887853,345308.09722222225,18.99249996451868,912554.7222222222,3.305805562581453,21518.333333333332,0.1423333358446446,8409.5
261,Spain,ESP,2011,398,Europe,1597.7015928446092,3820.1803278688526,1141.0588235294117,58.658661052787,2488.3260869565215,0.11310633261261195,3211.5102040816328,0.012250128901512372,884.0,0.0004363333349222333,25.266666690508526
262,Spain,ESP,2012,540,Europe,3783.6601137339803,6900.890625,5787.21568627451,59.16521347975589,4796.71186440678,0.25862120834856545,8103.553571428572,0.030380000278631542,888.0,0.0010019999881478333,57.14999999602636
263,Spain,ESP,2013,882,Europe,6993.772582445724,12269.95652173913,11315.8,76.89672294307846,8100.333333333333,0.526367781276349,15715.983606557376,0.05739850050443179,1170.0,0.00235116668227415,136.5166666507721
264,Spain,ESP,2014,1730,Europe,11778.547077569088,21328.267605633802,17675.457627118645,120.04844215978595,12281.015151515152,0.9047138881804939,27290.8125,0.10762742831720966,1798.0,0.004375000032571983,256.3166666825612
265,Spain,ESP,2015,2080,Europe,19951.3785361533,36240.291666666664,28597.779411764706,167.59196381017213,19879.11267605634,1.5306555578847312,45543.95652173913,0.1983088868453503,2486.0,0.00700983327806165,403.9000000158946
266,Spain,ESP,2016,3500,Europe,29699.795840340754,54775.916666666664,41530.391304347824,241.46116043116612,25853.802816901407,1.798722225163753,71054.9,0.3146530603488726,3560.0,0.010294666660532366,602.3166666825613
267,Spain,ESP,2017,7400,Europe,45372.5015486161,86895.27777777778,60175.50724637681,304.55456383935825,39650.971830985916,2.5936944427537836,108476.44285714286,0.4775305542991393,4320.0,0.015346999951968067,899.1166666348776
268,Spain,ESP,2018,11600,Europe,73218.09164475088,147503.33333333334,89581.95652173914,435.5739134011235,66107.67605633802,3.7582499884689846,172967.85714285713,0.703649997814662,5960.0,0.024982167173826935,1467.550000031789
269,Spain,ESP,2019,17400,Europe,95665.11435213653,205732.91666666666,104423.19444444444,604.4084266661167,71502.95833333333,4.886138881349729,238653.15277777778,0.9675777786307864,6966.66803333334,0.03606666673901291,2064.3000000317893
270,Spain,ESP,2020,42000,Europe,145776.71489798985,303811.69444444444,169074.19444444444,710.7476236624689,116104.5,10.1522777767645,356781.3888888889,1.494222218170762,8016.675166666508,0.043521666035909796,2574.6166666348777
271,Spain,ESP,2021,67000,Europe,253112.53871931435,536363.4722222222,284883.2083333333,1095.2562257728578,236622.375,15.841638885852364,584624.3055555555,2.3373055464795067,11400.019999999553,0.08305333265646668,4919.666666666667
272,Spain,ESP,2022,82000,Europe,387805.5281752093,850701.1111111111,407161.7083333333,2004.1176999887853,345308.09722222225,18.99249996451868,912554.7222222222,3.305805562581453,21518.333333333332,0.1423333358446446,8409.5
273,Sweden,SWE,2012,930,Europe,3783.6601137339803,6900.890625,5787.21568627451,59.16521347975589,4796.71186440678,0.25862120834856545,8103.553571428572,0.030380000278631542,888.0,0.0010019999881478333,57.14999999602636
274,Sweden,SWE,2013,1530,Europe,6993.772582445724,12269.95652173913,11315.8,76.89672294307846,8100.333333333333,0.526367781276349,15715.983606557376,0.05739850050443179,1170.0,0.00235116668227415,136.5166666507721
275,Sweden,SWE,2014,4600,Europe,11778.547077569088,21328.267605633802,17675.457627118645,120.04844215978595,12281.015151515152,0.9047138881804939,27290.8125,0.10762742831720966,1798.0,0.004375000032571983,256.3166666825612
276,Sweden,SWE,2015,8700,Europe,19951.3785361533,36240.291666666664,28597.779411764706,167.59196381017213,19879.11267605634,1.5306555578847312,45543.95652173913,0.1983088868453503,2486.0,0.00700983327806165,403.9000000158946
277,Sweden,SWE,2016,12900,Europe,29699.795840340754,54775.916666666664,41530.391304347824,241.46116043116612,25853.802816901407,1.798722225163753,71054.9,0.3146530603488726,3560.0,0.010294666660532366,602.3166666825613
278,Sweden,SWE,2017,20400,Europe,45372.5015486161,86895.27777777778,60175.50724637681,304.55456383935825,39650.971830985916,2.5936944427537836,108476.44285714286,0.4775305542991393,4320.0,0.015346999951968067,899.1166666348776
279,Sweden,SWE,2018,29100,Europe,73218.09164475088,147503.33333333334,89581.95652173914,435.5739134011235,66107.67605633802,3.7582499884689846,172967.85714285713,0.703649997814662,5960.0,0.024982167173826935,1467.550000031789
280,Sweden,SWE,2019,41000,Europe,95665.11435213653,205732.91666666666,104423.19444444444,604.4084266661167,71502.95833333333,4.886138881349729,238653.15277777778,0.9675777786307864,6966.66803333334,0.03606666673901291,2064.3000000317893
281,Sweden,SWE,2020,94000,Europe,145776.71489798985,303811.69444444444,169074.19444444444,710.7476236624689,116104.5,10.1522777767645,356781.3888888889,1.494222218170762,8016.675166666508,0.043521666035909796,2574.6166666348777
282,Sweden,SWE,2021,135000,Europe,253112.53871931435,536363.4722222222,284883.2083333333,1095.2562257728578,236622.375,15.841638885852364,584624.3055555555,2.3373055464795067,11400.019999999553,0.08305333265646668,4919.666666666667
283,Sweden,SWE,2022,163000,Europe,387805.5281752093,850701.1111111111,407161.7083333333,2004.1176999887853,345308.09722222225,18.99249996451868,912554.7222222222,3.305805562581453,21518.333333333332,0.1423333358446446,8409.5
284,Switzerland,CHE,2011,441,Europe,1597.7015928446092,3820.1803278688526,1141.0588235294117,58.658661052787,2488.3260869565215,0.11310633261261195,3211.5102040816328,0.012250128901512372,884.0,0.0004363333349222333,25.266666690508526
285,Switzerland,CHE,2012,740,Europe,3783.6601137339803,6900.890625,5787.21568627451,59.16521347975589,4796.71186440678,0.25862120834856545,8103.553571428572,0.030380000278631542,888.0,0.0010019999881478333,57.14999999602636
286,Switzerland,CHE,2013,1370,Europe,6993.772582445724,12269.95652173913,11315.8,76.89672294307846,8100.333333333333,0.526367781276349,15715.983606557376,0.05739850050443179,1170.0,0.00235116668227415,136.5166666507721
287,Switzerland,CHE,2014,2900,Europe,11778.547077569088,21328.267605633802,17675.457627118645,120.04844215978595,12281.015151515152,0.9047138881804939,27290.8125,0.10762742831720966,1798.0,0.004375000032571983,256.3166666825612
288,Switzerland,CHE,2015,5700,Europe,19951.3785361533,36240.291666666664,28597.779411764706,167.59196381017213,19879.11267605634,1.5306555578847312,45543.95652173913,0.1983088868453503,2486.0,0.00700983327806165,403.9000000158946
289,Switzerland,CHE,2016,6100,Europe,29699.795840340754,54775.916666666664,41530.391304347824,241.46116043116612,25853.802816901407,1.798722225163753,71054.9,0.3146530603488726,3560.0,0.010294666660532366,602.3166666825613
290,Switzerland,CHE,2017,8400,Europe,45372.5015486161,86895.27777777778,60175.50724637681,304.55456383935825,39650.971830985916,2.5936944427537836,108476.44285714286,0.4775305542991393,4320.0,0.015346999951968067,899.1166666348776
291,Switzerland,CHE,2018,9500,Europe,73218.09164475088,147503.33333333334,89581.95652173914,435.5739134011235,66107.67605633802,3.7582499884689846,172967.85714285713,0.703649997814662,5960.0,0.024982167173826935,1467.550000031789
292,Switzerland,CHE,2019,17300,Europe,95665.11435213653,205732.91666666666,104423.19444444444,604.4084266661167,71502.95833333333,4.886138881349729,238653.15277777778,0.9675777786307864,6966.66803333334,0.03606666673901291,2064.3000000317893
293,Switzerland,CHE,2020,34000,Europe,145776.71489798985,303811.69444444444,169074.19444444444,710.7476236624689,116104.5,10.1522777767645,356781.3888888889,1.494222218170762,8016.675166666508,0.043521666035909796,2574.6166666348777
294,Switzerland,CHE,2021,54000,Europe,253112.53871931435,536363.4722222222,284883.2083333333,1095.2562257728578,236622.375,15.841638885852364,584624.3055555555,2.3373055464795067,11400.019999999553,0.08305333265646668,4919.666666666667
295,Switzerland,CHE,2022,59000,Europe,387805.5281752093,850701.1111111111,407161.7083333333,2004.1176999887853,345308.09722222225,18.99249996451868,912554.7222222222,3.305805562581453,21518.333333333332,0.1423333358446446,8409.5
296,Turkey,TUR,2014,68,Asia,11778.547077569088,21328.267605633802,17675.457627118645,120.04844215978595,12281.015151515152,0.9047138881804939,27290.8125,0.10762742831720966,1798.0,0.004375000032571983,256.3166666825612
297,Turkey,TUR,2015,230,Asia,19951.3785361533,36240.291666666664,28597.779411764706,167.59196381017213,19879.11267605634,1.5306555578847312,45543.95652173913,0.1983088868453503,2486.0,0.00700983327806165,403.9000000158946
298,Turkey,TUR,2016,127,Asia,29699.795840340754,54775.916666666664,41530.391304347824,241.46116043116612,25853.802816901407,1.798722225163753,71054.9,0.3146530603488726,3560.0,0.010294666660532366,602.3166666825613
299,Turkey,TUR,2017,111,Asia,45372.5015486161,86895.27777777778,60175.50724637681,304.55456383935825,39650.971830985916,2.5936944427537836,108476.44285714286,0.4775305542991393,4320.0,0.015346999951968067,899.1166666348776
300,Turkey,TUR,2018,235,Asia,73218.09164475088,147503.33333333334,89581.95652173914,435.5739134011235,66107.67605633802,3.7582499884689846,172967.85714285713,0.703649997814662,5960.0,0.024982167173826935,1467.550000031789
301,Turkey,TUR,2019,324,Asia,95665.11435213653,205732.91666666666,104423.19444444444,604.4084266661167,71502.95833333333,4.886138881349729,238653.15277777778,0.9675777786307864,6966.66803333334,0.03606666673901291,2064.3000000317893
302,Turkey,TUR,2020,1290,Asia,145776.71489798985,303811.69444444444,169074.19444444444,710.7476236624689,116104.5,10.1522777767645,356781.3888888889,1.494222218170762,8016.675166666508,0.043521666035909796,2574.6166666348777
303,Turkey,TUR,2021,3920,Asia,253112.53871931435,536363.4722222222,284883.2083333333,1095.2562257728578,236622.375,15.841638885852364,584624.3055555555,2.3373055464795067,11400.019999999553,0.08305333265646668,4919.666666666667
304,Turkey,TUR,2022,7540,Asia,387805.5281752093,850701.1111111111,407161.7083333333,2004.1176999887853,345308.09722222225,18.99249996451868,912554.7222222222,3.305805562581453,21518.333333333332,0.1423333358446446,8409.5
305,United Kingdom,GBR,2010,261,Europe,523.6734104306502,1369.3333333333333,105.3125,17.852088434999455,663.3571428571429,0.03940952349165893,1355.4848484848485,0.007966749858799888,213.22000000029803,0.00011349999961866667,6.618333329757054
306,United Kingdom,GBR,2011,1207,Europe,1597.7015928446092,3820.1803278688526,1141.0588235294117,58.658661052787,2488.3260869565215,0.11310633261261195,3211.5102040816328,0.012250128901512372,884.0,0.0004363333349222333,25.266666690508526
307,United Kingdom,GBR,2012,2570,Europe,3783.6601137339803,6900.890625,5787.21568627451,59.16521347975589,4796.71186440678,0.25862120834856545,8103.553571428572,0.030380000278631542,888.0,0.0010019999881478333,57.14999999602636
308,United Kingdom,GBR,2013,3700,Europe,6993.772582445724,12269.95652173913,11315.8,76.89672294307846,8100.333333333333,0.526367781276349,15715.983606557376,0.05739850050443179,1170.0,0.00235116668227415,136.5166666507721
309,United Kingdom,GBR,2014,14500,Europe,11778.547077569088,21328.267605633802,17675.457627118645,120.04844215978595,12281.015151515152,0.9047138881804939,27290.8125,0.10762742831720966,1798.0,0.004375000032571983,256.3166666825612
310,United Kingdom,GBR,2015,29000,Europe,19951.3785361533,36240.291666666664,28597.779411764706,167.59196381017213,19879.11267605634,1.5306555578847312,45543.95652173913,0.1983088868453503,2486.0,0.00700983327806165,403.9000000158946
311,United Kingdom,GBR,2016,39000,Europe,29699.795840340754,54775.916666666664,41530.391304347824,241.46116043116612,25853.802816901407,1.798722225163753,71054.9,0.3146530603488726,3560.0,0.010294666660532366,602.3166666825613
312,United Kingdom,GBR,2017,49000,Europe,45372.5015486161,86895.27777777778,60175.50724637681,304.55456383935825,39650.971830985916,2.5936944427537836,108476.44285714286,0.4775305542991393,4320.0,0.015346999951968067,899.1166666348776
313,United Kingdom,GBR,2018,62000,Europe,73218.09164475088,147503.33333333334,89581.95652173914,435.5739134011235,66107.67605633802,3.7582499884689846,172967.85714285713,0.703649997814662,5960.0,0.024982167173826935,1467.550000031789
314,United Kingdom,GBR,2019,75000,Europe,95665.11435213653,205732.91666666666,104423.19444444444,604.4084266661167,71502.95833333333,4.886138881349729,238653.15277777778,0.9675777786307864,6966.66803333334,0.03606666673901291,2064.3000000317893
315,United Kingdom,GBR,2020,178000,Europe,145776.71489798985,303811.69444444444,169074.19444444444,710.7476236624689,116104.5,10.1522777767645,356781.3888888889,1.494222218170762,8016.675166666508,0.043521666035909796,2574.6166666348777
316,United Kingdom,GBR,2021,310000,Europe,253112.53871931435,536363.4722222222,284883.2083333333,1095.2562257728578,236622.375,15.841638885852364,584624.3055555555,2.3373055464795067,11400.019999999553,0.08305333265646668,4919.666666666667
317,United Kingdom,GBR,2022,370000,Europe,387805.5281752093,850701.1111111111,407161.7083333333,2004.1176999887853,345308.09722222225,18.99249996451868,912554.7222222222,3.305805562581453,21518.333333333332,0.1423333358446446,8409.5
318,United States,USA,2011,17800,North America,1597.7015928446092,3820.1803278688526,1141.0588235294117,58.658661052787,2488.3260869565215,0.11310633261261195,3211.5102040816328,0.012250128901512372,884.0,0.0004363333349222333,25.266666690508526
319,United States,USA,2012,54000,North America,3783.6601137339803,6900.890625,5787.21568627451,59.16521347975589,4796.71186440678,0.25862120834856545,8103.553571428572,0.030380000278631542,888.0,0.0010019999881478333,57.14999999602636
320,United States,USA,2013,97000,North America,6993.772582445724,12269.95652173913,11315.8,76.89672294307846,8100.333333333333,0.526367781276349,15715.983606557376,0.05739850050443179,1170.0,0.00235116668227415,136.5166666507721
321,United States,USA,2014,118000,North America,11778.547077569088,21328.267605633802,17675.457627118645,120.04844215978595,12281.015151515152,0.9047138881804939,27290.8125,0.10762742831720966,1798.0,0.004375000032571983,256.3166666825612
322,United States,USA,2015,114000,North America,19951.3785361533,36240.291666666664,28597.779411764706,167.59196381017213,19879.11267605634,1.5306555578847312,45543.95652173913,0.1983088868453503,2486.0,0.00700983327806165,403.9000000158946
323,United States,USA,2016,160000,North America,29699.795840340754,54775.916666666664,41530.391304347824,241.46116043116612,25853.802816901407,1.798722225163753,71054.9,0.3146530603488726,3560.0,0.010294666660532366,602.3166666825613
324,United States,USA,2017,194000,North America,45372.5015486161,86895.27777777778,60175.50724637681,304.55456383935825,39650.971830985916,2.5936944427537836,108476.44285714286,0.4775305542991393,4320.0,0.015346999951968067,899.1166666348776
325,United States,USA,2018,360000,North America,73218.09164475088,147503.33333333334,89581.95652173914,435.5739134011235,66107.67605633802,3.7582499884689846,172967.85714285713,0.703649997814662,5960.0,0.024982167173826935,1467.550000031789
326,United States,USA,2019,325000,North America,95665.11435213653,205732.91666666666,104423.19444444444,604.4084266661167,71502.95833333333,4.886138881349729,238653.15277777778,0.9675777786307864,6966.66803333334,0.03606666673901291,2064.3000000317893
327,United States,USA,2020,294000,North America,145776.71489798985,303811.69444444444,169074.19444444444,710.7476236624689,116104.5,10.1522777767645,356781.3888888889,1.494222218170762,8016.675166666508,0.043521666035909796,2574.6166666348777
328,United States,USA,2021,630000,North America,253112.53871931435,536363.4722222222,284883.2083333333,1095.2562257728578,236622.375,15.841638885852364,584624.3055555555,2.3373055464795067,11400.019999999553,0.08305333265646668,4919.666666666667
329,United States,USA,2022,990000,North America,387805.5281752093,850701.1111111111,407161.7083333333,2004.1176999887853,345308.09722222225,18.99249996451868,912554.7222222222,3.305805562581453,21518.333333333332,0.1423333358446446,8409.5
